-- phpMyAdmin SQL Dump
-- version 5.2.0
-- https://www.phpmyadmin.net/
--
-- Host: localhost:3306
-- Generation Time: Aug 02, 2023 at 02:29 PM
-- Server version: 8.0.30
-- PHP Version: 8.1.10

SET SQL_MODE = "NO_AUTO_VALUE_ON_ZERO";
START TRANSACTION;
SET time_zone = "+00:00";


/*!40101 SET @OLD_CHARACTER_SET_CLIENT=@@CHARACTER_SET_CLIENT */;
/*!40101 SET @OLD_CHARACTER_SET_RESULTS=@@CHARACTER_SET_RESULTS */;
/*!40101 SET @OLD_COLLATION_CONNECTION=@@COLLATION_CONNECTION */;
/*!40101 SET NAMES utf8mb4 */;

--
-- Database: `project_app_pkl`
--

-- --------------------------------------------------------

--
-- Table structure for table `datadosen`
--

CREATE TABLE `datadosen` (
  `id` int NOT NULL,
  `nidn` int NOT NULL,
  `namadosen` varchar(50) NOT NULL,
  `created_at` timestamp NULL DEFAULT NULL,
  `updated_at` timestamp NULL DEFAULT NULL
) ENGINE=InnoDB DEFAULT CHARSET=utf8mb3;

--
-- Dumping data for table `datadosen`
--

INSERT INTO `datadosen` (`id`, `nidn`, `namadosen`, `created_at`, `updated_at`) VALUES
(1, 1104078601, 'WINDARSYAH.,M.Kom', '0000-00-00 00:00:00', '0000-00-00 00:00:00'),
(2, 1108109102, 'NAHDI SAUBARI.,M.Kom', '0000-00-00 00:00:00', '0000-00-00 00:00:00'),
(3, 1112068401, 'IR. RUDY ANSARI,M.Kom', '0000-00-00 00:00:00', '0000-00-00 00:00:00'),
(4, 1120038901, 'FINKI DONA MARLENY.,M.Kom', '0000-00-00 00:00:00', '0000-00-00 00:00:00'),
(5, 1126107902, 'MUKHAIMY GAZALI.,M.Si', '0000-00-00 00:00:00', '0000-00-00 00:00:00'),
(6, 1129097901, 'KAMARUDIN.,M.Kom', '0000-00-00 00:00:00', '0000-00-00 00:00:00'),
(7, 1130099001, 'IHDALHUBBI MAULIDA.,M.Kom', '0000-00-00 00:00:00', '0000-00-00 00:00:00'),
(8, 1103029002, 'AYU AHADI NINGRUM.,M.Tr.Kom', '0000-00-00 00:00:00', '0000-00-00 00:00:00');

-- --------------------------------------------------------

--
-- Table structure for table `datamahasiswa`
--

CREATE TABLE `datamahasiswa` (
  `id` int NOT NULL,
  `nim` bigint DEFAULT NULL,
  `nama` varchar(50) DEFAULT NULL,
  `created_at` timestamp NULL DEFAULT NULL,
  `updated_at` timestamp NULL DEFAULT NULL
) ENGINE=InnoDB DEFAULT CHARSET=utf8mb3;

--
-- Dumping data for table `datamahasiswa`
--

INSERT INTO `datamahasiswa` (`id`, `nim`, `nama`, `created_at`, `updated_at`) VALUES
(1, 1855201110008, 'MUHAMMAD RAFII', '2023-07-03 06:51:24', '2023-07-03 06:51:24'),
(2, 1855201110009, 'MUHAMMAD AMIEN', '2023-07-03 06:55:32', '2023-07-03 06:55:32'),
(3, 1855201110010, 'MUHAMMAD BAYU ADI SAPUTRA', '2023-07-03 06:56:12', '2023-07-03 06:56:12'),
(4, 1855201110015, 'MUHAMMAD TAUFIK RAHMAN', '2023-07-03 06:56:33', '2023-07-03 06:56:33'),
(5, 1855201110021, 'SURA ANDANA', '2023-07-03 06:57:00', '2023-07-03 06:57:00'),
(6, 1855201110024, 'YOANITA AULIA PUTRI', '2023-07-03 06:57:31', '2023-07-03 06:57:31'),
(7, 1955201110001, 'AHMAD AQLI', '2023-07-03 06:58:09', '2023-07-03 06:58:09'),
(8, 1955201110004, 'ANISHA PRATIWI', '2023-07-03 06:58:34', '2023-07-03 06:58:34'),
(9, 1955201110008, 'GT. NITA FAUZIAH', '2023-07-03 06:59:25', '2023-07-03 06:59:25'),
(10, 1955201110009, 'HAMDANI', '2023-07-03 06:59:45', '2023-07-03 06:59:45'),
(11, 1955201110010, 'HIZKIA GABETTO PANJAITAN', '2023-07-03 07:00:10', '2023-07-03 07:00:10'),
(12, 1955201110011, 'IRVAN NOVIANSYAH', '2023-07-03 07:00:41', '2023-07-03 07:00:41'),
(13, 1955201110012, 'M. RAIHAN ABDUL HAFIDZ', '2023-07-03 07:00:59', '2023-07-03 07:00:59'),
(14, 1955201110013, 'MUHAMMAD RIFQI WARDANA', '2023-07-03 07:01:50', '2023-07-03 07:01:50'),
(15, 1955201110015, 'NOR RAHMAH', '2023-07-03 07:03:27', '2023-07-03 07:03:27'),
(16, 1955201110016, 'NOVIA', '2023-07-03 07:03:52', '2023-07-03 07:03:52'),
(17, 1955201110017, 'PITRIA ULFAH', '2023-07-03 07:04:04', '2023-07-03 07:04:04'),
(18, 1955201110018, 'RIDHONI ROBBY PRATAMA', '2023-07-03 07:04:17', '2023-07-03 07:04:17'),
(19, 1955201110019, 'SITI FATIMAH', '2023-07-03 07:04:32', '2023-07-03 07:04:32'),
(20, 1955201110020, 'SYAHNAS ENJANG', '2023-07-03 07:04:49', '2023-07-03 07:04:49'),
(21, 2055201110001, 'AHMAD ZAINI', '2023-07-03 07:05:37', '2023-07-03 07:05:37'),
(22, 2055201110002, 'ATHAYA NORRAHMAH', '2023-07-03 07:06:01', '2023-07-03 07:06:01'),
(23, 2055201110003, 'AZHAR IRFANI', '2023-07-03 07:06:28', '2023-07-03 07:06:28'),
(24, 2055201110004, 'M. RAFI\'I', '2023-07-03 07:07:00', '2023-07-03 07:07:00'),
(25, 2055201110005, 'MUHAMMAD RIZKY ALMI\'RAJI', '2023-07-03 07:07:42', '2023-07-03 07:07:42'),
(26, 2055201110006, 'REZA FIKRI ADITIYA', '2023-07-03 07:08:18', '2023-07-03 07:08:18'),
(27, 2055201110007, 'AKHMAD SUHAIMI', '2023-07-23 21:12:00', '2023-07-23 21:12:00'),
(28, 2055201110008, 'ASHOBIRIN ADNAN', '2023-07-03 07:10:35', '2023-07-03 07:10:35'),
(29, 2055201110009, 'AYUDIA EKA NURANI', '2023-07-03 07:11:00', '2023-07-03 07:11:00'),
(30, 2055201110010, 'DENDY DWI PRATAMA', '2023-07-03 07:11:28', '2023-07-03 07:11:28'),
(31, 2055201110012, 'HIDAYATURRAHMAN', '2023-07-03 07:11:53', '2023-07-03 07:11:53'),
(32, 2055201110013, 'IRFHANDO RAMADHANSYAH PUTRA', '2023-07-03 07:12:31', '2023-07-03 07:12:31'),
(33, 2055201110014, 'IRHAS NOOR', '2023-07-03 07:12:57', '2023-07-03 07:12:57'),
(34, 2055201110015, 'M. AGUNG MAULANA BAGASKARA', '2023-07-03 07:15:27', '2023-07-03 07:15:27'),
(35, 2055201110017, 'MUHAMMAD FADHIL MAULA', '2023-07-03 07:15:58', '2023-07-03 07:15:58'),
(36, 2055201110018, 'MUHAMMAD HABIBIE', '2023-07-03 07:16:18', '2023-07-03 07:16:18'),
(37, 2055201110019, 'MUHAMMAD RIZKY NUGRAHA', '2023-07-03 07:17:07', '2023-07-03 07:17:07'),
(38, 2055201110020, 'MUTIA AMANDA SEPTIANI', '2023-07-03 07:17:38', '2023-07-03 07:17:38'),
(39, 2055201110021, 'NUR HALIM', '2023-07-03 07:17:58', '2023-07-03 07:17:58'),
(40, 2055201110022, 'REZA RAKHMADINNUR', '2023-07-03 07:19:44', '2023-07-03 07:19:44'),
(41, 2055201110024, 'RIZKY GUNAWAN', '2023-07-03 07:20:22', '2023-07-03 07:20:22'),
(42, 2055201110025, 'RIZKY MAULANA', '2023-07-03 07:20:48', '2023-07-03 07:20:48'),
(43, 2055201110027, 'TRI REZEKI NOOR SEPTIANINGSIH', '2023-07-03 07:21:20', '2023-07-03 07:21:20'),
(44, 2055201110029, 'AHADIYAT RAKHMAN', '2023-07-03 07:23:36', '2023-07-03 07:23:36'),
(45, 2055201110030, 'MUHAMMAD RIDHO HIJRIAWAN', '2023-07-03 07:24:12', '2023-07-03 07:24:12'),
(46, 2055201110031, 'SITI NADYA MAYLA', '2023-07-03 07:24:43', '2023-07-03 07:24:43'),
(47, 2055201110032, 'AULYA MIFTAHUL FADHILAH', '2023-07-03 07:25:16', '2023-07-03 07:25:16'),
(48, 2055201110033, 'SHEPIA DWI ANGGRAENI', '2023-07-03 07:25:40', '2023-07-03 07:25:40'),
(49, 2055201110034, 'AHMAD FAISAL HAMIDI', '2023-07-03 07:26:05', '2023-07-03 07:26:05'),
(50, 2055201110035, 'AHMAD RIZWAN ANSHARI', '2023-07-03 07:26:40', '2023-07-03 07:26:40'),
(51, 2055201110036, 'MUHAMMAD AQIIBA ZAIM', '2023-07-03 07:27:32', '2023-07-03 07:27:32'),
(52, 2055201110037, 'MUHAMMAD NAUFAL', '2023-07-03 07:27:52', '2023-07-03 07:27:52'),
(53, 2055201110038, 'SITI AISYAH', '2023-07-03 07:28:36', '2023-07-03 07:28:36'),
(54, 2055201110039, 'AHMAD BAIHAKI', '2023-07-03 07:28:56', '2023-07-03 07:28:56'),
(55, 2055201110040, 'MOHAMAD REZA', '2023-07-03 07:29:19', '2023-07-03 07:29:19'),
(56, 1855201110007, 'LAVINA MAI SAFITRI', '2023-07-29 06:55:21', '2023-07-29 06:55:21'),
(57, 1855201110022, 'SYARIPAH ZOLEHA ALBAHASYIM', '2023-07-29 07:11:44', '2023-07-29 07:11:44'),
(58, 1855201110001, 'ADITYA PRAMANA NUGRAHA ABIDIN', '2023-07-29 07:13:59', '2023-07-29 07:13:59'),
(59, 1855201110006, 'IMAM FARISI', '2023-07-29 18:16:49', '2023-07-29 18:16:49'),
(60, 1855201110014, 'MUHAMMAD SYAHRONI', '2023-07-29 18:23:07', '2023-07-29 18:23:07');

-- --------------------------------------------------------

--
-- Table structure for table `failed_jobs`
--

CREATE TABLE `failed_jobs` (
  `id` bigint UNSIGNED NOT NULL,
  `uuid` varchar(255) CHARACTER SET utf8mb4 COLLATE utf8mb4_unicode_ci NOT NULL,
  `connection` text CHARACTER SET utf8mb4 COLLATE utf8mb4_unicode_ci NOT NULL,
  `queue` text CHARACTER SET utf8mb4 COLLATE utf8mb4_unicode_ci NOT NULL,
  `payload` longtext CHARACTER SET utf8mb4 COLLATE utf8mb4_unicode_ci NOT NULL,
  `exception` longtext CHARACTER SET utf8mb4 COLLATE utf8mb4_unicode_ci NOT NULL,
  `failed_at` timestamp NOT NULL DEFAULT CURRENT_TIMESTAMP
) ENGINE=InnoDB DEFAULT CHARSET=utf8mb4 COLLATE=utf8mb4_unicode_ci;

-- --------------------------------------------------------

--
-- Table structure for table `form_bimbingan`
--

CREATE TABLE `form_bimbingan` (
  `id` bigint UNSIGNED NOT NULL,
  `file` varchar(255) COLLATE utf8mb4_unicode_ci NOT NULL,
  `created_at` timestamp NULL DEFAULT NULL,
  `updated_at` timestamp NULL DEFAULT NULL
) ENGINE=InnoDB DEFAULT CHARSET=utf8mb4 COLLATE=utf8mb4_unicode_ci;

--
-- Dumping data for table `form_bimbingan`
--

INSERT INTO `form_bimbingan` (`id`, `file`, `created_at`, `updated_at`) VALUES
(4, 'j1PQs9Qq6wBbnIhZMmsrnZGs6fMyIxpOfYDTir68.pdf', '2023-07-30 05:57:11', '2023-07-30 05:57:11');

-- --------------------------------------------------------

--
-- Table structure for table `kriteria`
--

CREATE TABLE `kriteria` (
  `id` int NOT NULL,
  `id_mahasiswa` int NOT NULL,
  `id_dosen` int NOT NULL,
  `tanggal` datetime NOT NULL,
  `ruangan` varchar(255) NOT NULL
) ENGINE=InnoDB DEFAULT CHARSET=latin1;

-- --------------------------------------------------------

--
-- Table structure for table `levels`
--

CREATE TABLE `levels` (
  `id` bigint UNSIGNED NOT NULL,
  `nama` varchar(255) CHARACTER SET utf8mb4 COLLATE utf8mb4_unicode_ci NOT NULL,
  `created_at` timestamp NULL DEFAULT NULL,
  `updated_at` timestamp NULL DEFAULT NULL
) ENGINE=InnoDB DEFAULT CHARSET=utf8mb4 COLLATE=utf8mb4_unicode_ci;

-- --------------------------------------------------------

--
-- Table structure for table `logbooks`
--

CREATE TABLE `logbooks` (
  `id` bigint UNSIGNED NOT NULL,
  `id_pendaftaranpkl` int DEFAULT NULL,
  `minggu` enum('Pertama','Kedua','Ketiga','Keempat') CHARACTER SET utf8mb4 COLLATE utf8mb4_unicode_ci NOT NULL,
  `filelogbook` varchar(255) CHARACTER SET utf8mb4 COLLATE utf8mb4_unicode_ci NOT NULL,
  `status` tinyint NOT NULL DEFAULT '0',
  `status1` tinyint NOT NULL DEFAULT '0',
  `created_at` timestamp NULL DEFAULT NULL,
  `updated_at` timestamp NULL DEFAULT NULL
) ENGINE=InnoDB DEFAULT CHARSET=utf8mb4 COLLATE=utf8mb4_unicode_ci;

--
-- Dumping data for table `logbooks`
--

INSERT INTO `logbooks` (`id`, `id_pendaftaranpkl`, `minggu`, `filelogbook`, `status`, `status1`, `created_at`, `updated_at`) VALUES
(53, 1, 'Pertama', '1690773392.pdf', 1, 1, '2023-07-30 19:16:32', '2023-07-31 06:37:48'),
(54, 1, 'Kedua', '1690898927.pdf', 1, 1, '2023-08-01 06:08:47', '2023-08-01 06:16:06'),
(55, 1, 'Ketiga', '1690899169.pdf', 1, 1, '2023-08-01 06:12:49', '2023-08-01 06:34:30'),
(56, 1, 'Keempat', '1690899194.pdf', 1, 0, '2023-08-01 06:13:14', '2023-08-01 06:15:23');

-- --------------------------------------------------------

--
-- Table structure for table `migrations`
--

CREATE TABLE `migrations` (
  `id` int UNSIGNED NOT NULL,
  `migration` varchar(255) CHARACTER SET utf8mb4 COLLATE utf8mb4_unicode_ci NOT NULL,
  `batch` int NOT NULL
) ENGINE=InnoDB DEFAULT CHARSET=utf8mb4 COLLATE=utf8mb4_unicode_ci;

--
-- Dumping data for table `migrations`
--

INSERT INTO `migrations` (`id`, `migration`, `batch`) VALUES
(1, '2014_10_12_000000_create_users_table', 1),
(2, '2014_10_12_100000_create_password_resets_table', 1),
(3, '2019_08_19_000000_create_failed_jobs_table', 1),
(4, '2019_12_14_000001_create_personal_access_tokens_table', 1),
(5, '2022_12_14_162422_create_pendaftaranpkls_table', 1),
(6, '2022_12_14_193237_create_logbooks_table', 1),
(7, '2022_12_14_202212_create_pendaftaranseminarpkls_table', 1),
(8, '2022_12_21_120640_create_levels_table', 1),
(9, '2023_07_08_045459_add_id_dosen_to_users_table', 2),
(10, '2023_07_26_144539_create_ruangan_table', 3),
(11, '2023_07_26_161407_create_form_bimbingan_table', 3),
(12, '2023_07_26_161411_create_panduan_pedoman_table', 3),
(13, '2023_07_26_184758_create_seminar_waktu_table', 3);

-- --------------------------------------------------------

--
-- Table structure for table `panduan_pedoman`
--

CREATE TABLE `panduan_pedoman` (
  `id` bigint UNSIGNED NOT NULL,
  `file` varchar(255) COLLATE utf8mb4_unicode_ci NOT NULL,
  `created_at` timestamp NULL DEFAULT NULL,
  `updated_at` timestamp NULL DEFAULT NULL
) ENGINE=InnoDB DEFAULT CHARSET=utf8mb4 COLLATE=utf8mb4_unicode_ci;

--
-- Dumping data for table `panduan_pedoman`
--

INSERT INTO `panduan_pedoman` (`id`, `file`, `created_at`, `updated_at`) VALUES
(8, '2CzUa6UPHaW1IwVDIfdxdXdtddEbKztoTmuX3iSC.pdf', '2023-07-30 05:57:04', '2023-07-30 05:57:04');

-- --------------------------------------------------------

--
-- Table structure for table `password_resets`
--

CREATE TABLE `password_resets` (
  `email` varchar(255) CHARACTER SET utf8mb4 COLLATE utf8mb4_unicode_ci NOT NULL,
  `token` varchar(255) CHARACTER SET utf8mb4 COLLATE utf8mb4_unicode_ci NOT NULL,
  `created_at` timestamp NULL DEFAULT NULL
) ENGINE=InnoDB DEFAULT CHARSET=utf8mb4 COLLATE=utf8mb4_unicode_ci;

-- --------------------------------------------------------

--
-- Table structure for table `pendaftaranpkls`
--

CREATE TABLE `pendaftaranpkls` (
  `id` bigint UNSIGNED NOT NULL,
  `id_user` int NOT NULL,
  `id_dosen1` int DEFAULT NULL,
  `id_dosen2` int DEFAULT NULL,
  `judulpkl` varchar(255) CHARACTER SET utf8mb4 COLLATE utf8mb4_unicode_ci DEFAULT NULL,
  `filepersyaratanpkl` varchar(255) CHARACTER SET utf8mb4 COLLATE utf8mb4_unicode_ci DEFAULT NULL,
  `status` tinyint NOT NULL DEFAULT '1',
  `created_at` timestamp NULL DEFAULT NULL,
  `updated_at` timestamp NULL DEFAULT NULL
) ENGINE=InnoDB DEFAULT CHARSET=utf8mb4 COLLATE=utf8mb4_unicode_ci;

--
-- Dumping data for table `pendaftaranpkls`
--

INSERT INTO `pendaftaranpkls` (`id`, `id_user`, `id_dosen1`, `id_dosen2`, `judulpkl`, `filepersyaratanpkl`, `status`, `created_at`, `updated_at`) VALUES
(1, 1, 8, 2, 'SISTEM APLIKASI PENGELOLAAN KEGIATAN PRAKTEK KERJA LAPANGAN S1 TEKNIK INFORMATIKA UNIVERSITAS MUHAMMADIYAH BANJARMASIN BERBASIS WEB', '1690773324.pdf', 5, '2023-07-03 06:51:25', '2023-07-30 19:16:07'),
(2, 2, NULL, NULL, NULL, NULL, 1, '2023-07-03 06:55:32', '2023-07-03 19:13:28'),
(3, 3, NULL, NULL, NULL, NULL, 1, '2023-07-03 06:56:12', '2023-07-03 19:37:06'),
(4, 4, 8, 7, 'SISTEM INFORMASI HASIL EVALUASI BELAJAR MAHASISWA PROGRAM STUDI S1 INFORMATIKA UNIVERSTIAS MUHAMMADIYAH BANJARMASIN BERBASIS WEB', '1690643164.pdf', 5, '2023-07-03 06:56:33', '2023-07-30 04:56:32'),
(5, 5, NULL, NULL, NULL, NULL, 1, '2023-07-03 06:57:00', '2023-07-03 19:37:46'),
(6, 6, NULL, NULL, NULL, NULL, 1, '2023-07-03 06:57:31', '2023-07-03 19:37:57'),
(7, 7, 4, 1, 'SISTEM INFORMASI KEUANGAN BERBASIS WEB DI ADMINISTRASI FAKULTAS TEKNIK UNIVERSITAS MUHAMMADIYAH BANJARMASIN', '1690683676.pdf', 5, '2023-07-03 06:58:09', '2023-07-30 04:39:55'),
(8, 8, 5, 8, 'APLIKASI SISTEM INVENTARIS LAB KOMPUTER INFORMATIKA', '1690641858.pdf', 5, '2023-07-03 06:58:34', '2023-07-30 05:01:10'),
(9, 9, 4, 2, 'LAPORAN KINERJA DOSEN', '1690642630.pdf', 5, '2023-07-03 06:59:25', '2023-07-30 04:59:02'),
(10, 10, 7, 8, 'APLIKASI DETAIL SIMKATMAWA PADA FAKULTAS TEKNIK UNIVERSITAS MUHAMMADIYAH BANJARMASIN', '1690683875.pdf', 5, '2023-07-03 06:59:45', '2023-07-30 04:36:01'),
(11, 11, 5, 2, 'WEBSITE PROGRAM STUDI INFORMATIKA UNIVERSITAS  MUHAMMADIYAH BANJARMASIN', '1690720387.pdf', 5, '2023-07-03 07:00:10', '2023-07-30 04:34:59'),
(12, 12, 2, 1, 'SISTEM INFORMASI PEMINJAMAN BARANG INVENTARIS KEMAHASISWAAN BERBASIS WEB', '1690643105.pdf', 5, '2023-07-03 07:00:41', '2023-07-30 04:57:43'),
(13, 13, NULL, NULL, NULL, NULL, 1, '2023-07-03 07:01:00', '2023-07-03 21:45:22'),
(14, 14, 2, 6, 'PRESENSI MAHASISWA BERBASIS WEB', '1690643251.pdf', 5, '2023-07-03 07:01:50', '2023-07-30 04:55:54'),
(15, 15, 3, 8, 'APLIKASI DETAIL SIMKATMAWA', '1690643390.pdf', 5, '2023-07-03 07:03:27', '2023-07-30 04:54:33'),
(16, 16, 4, 5, 'SISTEM PENGAJUAN  TUGAS AKHIR S1 TEKNIK INFORMATIKA UNIVERSITAS MUHAMMADIYAH BANJARMASIN BERBASIS WEB', '1690683631.pdf', 5, '2023-07-03 07:03:52', '2023-07-30 04:41:13'),
(17, 17, NULL, NULL, NULL, NULL, 1, '2023-07-03 07:04:04', '2023-07-03 21:47:15'),
(18, 18, 4, 6, 'APLIKASI SISTEM PENGELOLAAN SURAT-MENYURAT BERBASIS WEBSITE DI FAKULTAS TEKNIK', '1690642453.pdf', 5, '2023-07-03 07:04:17', '2023-07-30 05:00:22'),
(19, 19, 3, 1, 'SISTEM INFORMASI KEUANGAN PROGRAM STUDI S1 INFORMATIKA UNIVERSITAS MUHAMMADIYAH BANJARMASIN', '1690643307.pdf', 5, '2023-07-03 07:04:32', '2023-07-30 04:55:09'),
(20, 20, 8, 2, 'SISTEM INFORMASI CLAIM REWARD KEMAHASISWAAN UNIVERSITAS MUHAMMADIYAH BANJARMASIN', '1690683716.pdf', 5, '2023-07-03 07:04:49', '2023-07-30 04:38:57'),
(21, 21, NULL, NULL, NULL, NULL, 1, '2023-07-03 07:05:37', '2023-07-03 22:07:59'),
(22, 22, 1, 7, 'SISTEM PENGADUAN PELAYANAN KOMUNIKASI MASYARAKAT BERBASIS WEB DI KANTOR WILAYAH KEMENTERIAN HUKUM DAN HAK ASASI MANUSIA KALIMANTAN SELATAN', '1690643581.pdf', 5, '2023-07-03 07:06:01', '2023-07-30 04:52:45'),
(23, 23, NULL, NULL, NULL, NULL, 1, '2023-07-03 07:06:28', '2023-07-03 22:29:50'),
(24, 24, 1, 6, 'ANALISIS DATA GURU ASN PER MATA PELAJARAN PADA SEKOLAH MENENGAH PERTAMA KOTA BANJARMASIN PADA DINAS PENDIDIKAN', '1690645048.pdf', 5, '2023-07-03 07:07:00', '2023-07-30 04:50:35'),
(25, 25, NULL, NULL, NULL, NULL, 1, '2023-07-03 07:07:42', '2023-07-03 22:39:10'),
(26, 26, NULL, NULL, NULL, NULL, 1, '2023-07-03 07:08:18', '2023-07-03 23:11:07'),
(27, 27, NULL, NULL, NULL, NULL, 1, '2023-07-23 21:12:00', '2023-07-23 21:14:06'),
(28, 28, NULL, NULL, NULL, NULL, 1, '2023-07-03 07:10:35', '2023-07-03 07:10:35'),
(29, 29, NULL, NULL, NULL, NULL, 1, '2023-07-03 07:11:00', '2023-07-03 07:11:00'),
(30, 30, NULL, NULL, NULL, NULL, 1, '2023-07-03 07:11:28', '2023-07-03 07:11:28'),
(31, 31, NULL, NULL, NULL, NULL, 1, '2023-07-03 07:11:53', '2023-07-03 07:11:53'),
(32, 32, NULL, NULL, NULL, NULL, 1, '2023-07-03 07:12:31', '2023-07-03 07:12:31'),
(33, 33, NULL, NULL, NULL, NULL, 1, '2023-07-03 07:12:57', '2023-07-03 07:12:57'),
(34, 34, NULL, NULL, NULL, NULL, 1, '2023-07-03 07:15:27', '2023-07-03 07:15:27'),
(35, 35, NULL, NULL, NULL, NULL, 1, '2023-07-03 07:15:58', '2023-07-03 07:15:58'),
(36, 36, NULL, NULL, NULL, NULL, 1, '2023-07-03 07:16:18', '2023-07-03 07:16:18'),
(37, 37, NULL, NULL, NULL, NULL, 1, '2023-07-03 07:17:07', '2023-07-03 07:17:07'),
(38, 38, NULL, NULL, NULL, NULL, 1, '2023-07-03 07:17:38', '2023-07-03 07:17:38'),
(39, 39, 6, 8, 'APLIKASI PELAPORAN ILLEGAL FISHING DINAS KETAHANAN PANGAN, PERTANIAN DAN PERIKANAN KOTA BANJARMASIN BERBASIS WEB', '1690643021.pdf', 5, '2023-07-03 07:17:58', '2023-07-30 04:58:16'),
(40, 40, NULL, NULL, NULL, NULL, 1, '2023-07-03 07:19:44', '2023-07-03 07:19:44'),
(41, 41, NULL, NULL, NULL, NULL, 1, '2023-07-03 07:20:22', '2023-07-03 07:20:22'),
(42, 42, NULL, NULL, NULL, NULL, 1, '2023-07-03 07:20:48', '2023-07-03 07:20:48'),
(43, 43, 8, 6, 'SISTEM PERHITUNGAN TUNJANGAN KINERJA PEGAWAI DI KEMENKUMHAM KALSEL BERBASIS WEB', '1690645115.pdf', 5, '2023-07-03 07:21:20', '2023-07-30 04:43:54'),
(44, 44, 8, 4, 'SISTEM PERMINTAAN PENGAJUAN PENGADAAN BARANG BERBASIS WEB', '1690645170.pdf', 5, '2023-07-03 07:23:36', '2023-07-30 04:43:11'),
(45, 45, NULL, NULL, NULL, NULL, 1, '2023-07-03 07:24:12', '2023-07-03 07:24:12'),
(46, 46, NULL, NULL, NULL, NULL, 1, '2023-07-03 07:24:43', '2023-07-03 07:24:43'),
(47, 47, NULL, NULL, NULL, NULL, 1, '2023-07-03 07:25:16', '2023-07-03 07:25:16'),
(48, 48, NULL, NULL, NULL, NULL, 1, '2023-07-03 07:25:40', '2023-07-03 07:25:40'),
(49, 49, NULL, NULL, NULL, NULL, 1, '2023-07-03 07:26:05', '2023-07-03 07:26:05'),
(50, 50, NULL, NULL, NULL, NULL, 1, '2023-07-03 07:26:40', '2023-07-03 07:26:40'),
(51, 51, NULL, NULL, NULL, NULL, 1, '2023-07-03 07:27:32', '2023-07-03 07:27:32'),
(52, 52, NULL, NULL, NULL, NULL, 1, '2023-07-03 07:27:52', '2023-07-03 07:27:52'),
(53, 53, NULL, NULL, NULL, NULL, 1, '2023-07-03 07:28:36', '2023-07-03 07:28:36'),
(54, 54, NULL, NULL, NULL, NULL, 1, '2023-07-03 07:28:56', '2023-07-03 07:28:56'),
(55, 55, NULL, NULL, NULL, NULL, 1, '2023-07-03 07:29:19', '2023-07-03 07:29:19'),
(56, 56, 2, 7, 'APLIKASI PENGELOLAAN SURAT MASUK DAN SURAT KELUAR BERBASIS WEBSITE DI PROGRAM STUDI S1 INFORMATIKA', '1690642562.pdf', 5, '2023-07-29 06:55:21', '2023-07-30 04:59:33'),
(57, 57, 4, 5, 'SISTEM INFORMASI KUESIONER MUTU UNTUK TENAGA PENDIDIK DI FAKULTAS TEKNIK UNIVERSITAS MUHAMMADIYAH BANJARMASIN BERBASIS WEB', '1690643530.pdf', 5, '2023-07-29 07:11:44', '2023-07-30 04:53:12'),
(58, 58, 1, 5, 'SISTEM REKAPITULASI BEBAN KERJA DOSEN INFORMATIKA UNIVERSITAS MUHAMMADIYAH BANJARMASIN BERBASIS WEB', '1690644321.pdf', 5, '2023-07-29 07:13:59', '2023-07-30 04:51:57'),
(59, 59, 6, 7, 'APLIKASI BEBAN KERJA DOSEN', '1690683516.pdf', 5, '2023-07-29 18:16:49', '2023-07-30 04:41:54'),
(60, 60, 3, 4, 'RENCANA PEMBELAJARAN SEMESTER PROGRAM STUDI S1 INFORMATIKA', '1690683815.pdf', 5, '2023-07-29 18:23:07', '2023-07-30 04:37:03');

-- --------------------------------------------------------

--
-- Table structure for table `pendaftaranseminarpkls`
--

CREATE TABLE `pendaftaranseminarpkls` (
  `id` bigint UNSIGNED NOT NULL,
  `id_user` int DEFAULT NULL,
  `id_dosen1` int DEFAULT NULL,
  `id_dosen2` int DEFAULT NULL,
  `judulpkl` varchar(255) CHARACTER SET utf8mb4 COLLATE utf8mb4_unicode_ci DEFAULT NULL,
  `filelogbook` varchar(255) CHARACTER SET utf8mb4 COLLATE utf8mb4_unicode_ci DEFAULT NULL,
  `fileproposal` varchar(255) CHARACTER SET utf8mb4 COLLATE utf8mb4_unicode_ci DEFAULT NULL,
  `filebimbingan` varchar(255) CHARACTER SET utf8mb4 COLLATE utf8mb4_unicode_ci DEFAULT NULL,
  `status` tinyint NOT NULL DEFAULT '1',
  `created_at` timestamp NULL DEFAULT NULL,
  `updated_at` timestamp NULL DEFAULT NULL
) ENGINE=InnoDB DEFAULT CHARSET=utf8mb4 COLLATE=utf8mb4_unicode_ci;

--
-- Dumping data for table `pendaftaranseminarpkls`
--

INSERT INTO `pendaftaranseminarpkls` (`id`, `id_user`, `id_dosen1`, `id_dosen2`, `judulpkl`, `filelogbook`, `fileproposal`, `filebimbingan`, `status`, `created_at`, `updated_at`) VALUES
(1, 1, 8, 2, 'SISTEM APLIKASI PENGELOLAAN KEGIATAN PRAKTEK KERJA LAPANGAN S1 TEKNIK INFORMATIKA UNIVERSITAS MUHAMMADIYAH BANJARMASIN BERBASIS WEB', '1690773497.pdf', '1690773497.pdf', '1690773497.pdf', 3, '2023-07-03 06:51:25', '2023-07-30 19:18:30'),
(2, 2, NULL, NULL, NULL, NULL, NULL, NULL, 1, '2023-07-03 06:55:32', '2023-07-03 19:14:12'),
(3, 3, NULL, NULL, NULL, NULL, NULL, NULL, 1, '2023-07-03 06:56:12', '2023-07-03 19:39:08'),
(4, 4, 8, 7, 'SISTEM INFORMASI HASIL EVALUASI BELAJAR MAHASISWA PROGRAM STUDI S1 INFORMATIKA UNIVERSTIAS MUHAMMADIYAH BANJARMASIN BERBASIS WEB', '1690726403.pdf', '1690726403.pdf', '1690726403.pdf', 3, '2023-07-03 06:56:33', '2023-07-30 06:55:07'),
(5, 5, NULL, NULL, NULL, NULL, NULL, NULL, 1, '2023-07-03 06:57:00', '2023-07-03 19:40:55'),
(6, 6, NULL, NULL, NULL, NULL, NULL, NULL, 1, '2023-07-03 06:57:31', '2023-07-03 19:41:00'),
(7, 7, 4, 1, 'SISTEM INFORMASI KEUANGAN BERBASIS WEB DI ADMINISTRASI FAKULTAS TEKNIK UNIVERSITAS MUHAMMADIYAH BANJARMASIN', '1690727316.pdf', '1690727316.pdf', '1690727316.pdf', 3, '2023-07-03 06:58:09', '2023-07-30 06:56:02'),
(8, 8, 5, 8, 'APLIKASI SISTEM INVENTARIS LAB KOMPUTER INFORMATIKA', '1690726481.pdf', '1690726481.pdf', '1690726481.pdf', 3, '2023-07-03 06:58:34', '2023-07-30 06:55:18'),
(9, 9, 4, 2, 'LAPORAN KINERJA DOSEN', '1690726215.pdf', '1690726215.pdf', '1690726215.pdf', 3, '2023-07-03 06:59:25', '2023-07-30 06:57:00'),
(10, 10, 7, 8, 'APLIKASI DETAIL SIMKATMAWA PADA FAKULTAS TEKNIK UNIVERSITAS MUHAMMADIYAH BANJARMASIN', '1690728478.pdf', '1690728478.pdf', '1690728478.pdf', 3, '2023-07-03 06:59:45', '2023-07-30 06:51:54'),
(11, 11, 5, 2, 'WEBSITE PROGRAM STUDI INFORMATIKA UNIVERSITAS  MUHAMMADIYAH BANJARMASIN', '1690724761.pdf', '1690724761.pdf', '1690724761.pdf', 3, '2023-07-03 07:00:10', '2023-07-30 05:48:12'),
(12, 12, 2, 1, 'SISTEM INFORMASI PEMINJAMAN BARANG INVENTARIS KEMAHASISWAAN BERBASIS WEB', '1690727702.pdf', '1690727702.pdf', '1690727702.pdf', 3, '2023-07-03 07:00:41', '2023-07-30 06:56:23'),
(13, 13, NULL, NULL, NULL, NULL, NULL, NULL, 1, '2023-07-03 07:01:00', '2023-07-03 21:49:44'),
(14, 14, 2, 6, 'PRESENSI MAHASISWA BERBASIS WEB', '1690727359.pdf', '1690727359.pdf', '1690727359.pdf', 3, '2023-07-03 07:01:50', '2023-07-30 06:56:57'),
(15, 15, 3, 8, 'APLIKASI DETAIL SIMKATMAWA', '1690727882.pdf', '1690727882.pdf', '1690727882.pdf', 3, '2023-07-03 07:03:27', '2023-07-30 06:55:10'),
(16, 16, 4, 5, 'SISTEM PENGAJUAN  TUGAS AKHIR S1 TEKNIK INFORMATIKA UNIVERSITAS MUHAMMADIYAH BANJARMASIN BERBASIS WEB', '1690726449.pdf', '1690726449.pdf', '1690726449.pdf', 3, '2023-07-03 07:03:52', '2023-07-30 07:00:35'),
(17, 17, NULL, NULL, NULL, NULL, NULL, NULL, 1, '2023-07-03 07:04:04', '2023-07-03 21:50:05'),
(18, 18, 4, 6, 'APLIKASI SISTEM PENGELOLAAN SURAT-MENYURAT BERBASIS WEBSITE DI FAKULTAS TEKNIK', '1690726309.pdf', '1690726309.pdf', '1690726309.pdf', 3, '2023-07-03 07:04:17', '2023-07-30 07:00:38'),
(19, 19, 3, 1, 'SISTEM INFORMASI KEUANGAN PROGRAM STUDI S1 INFORMATIKA UNIVERSITAS MUHAMMADIYAH BANJARMASIN', '1690727817.pdf', '1690727817.pdf', '1690727817.pdf', 3, '2023-07-03 07:04:32', '2023-07-30 06:56:20'),
(20, 20, 8, 2, 'SISTEM INFORMASI CLAIM REWARD KEMAHASISWAAN UNIVERSITAS MUHAMMADIYAH BANJARMASIN', '1690728290.pdf', '1690728290.pdf', '1690728290.pdf', 3, '2023-07-03 07:04:49', '2023-07-30 06:49:52'),
(21, 21, NULL, NULL, NULL, NULL, NULL, NULL, 1, '2023-07-03 07:05:37', '2023-07-03 22:19:50'),
(22, 22, 1, 7, 'SISTEM PENGADUAN PELAYANAN KOMUNIKASI MASYARAKAT BERBASIS WEB DI KANTOR WILAYAH KEMENTERIAN HUKUM DAN HAK ASASI MANUSIA KALIMANTAN SELATAN', '1690727958.pdf', '1690727958.pdf', '1690727958.pdf', 3, '2023-07-03 07:06:01', '2023-07-30 06:56:17'),
(23, 23, NULL, NULL, NULL, NULL, NULL, NULL, 1, '2023-07-03 07:06:28', '2023-07-03 22:29:50'),
(24, 24, 1, 6, 'ANALISIS DATA GURU ASN PER MATA PELAJARAN PADA SEKOLAH MENENGAH PERTAMA KOTA BANJARMASIN PADA DINAS PENDIDIKAN', '1690728040.pdf', '1690728040.pdf', '1690728040.pdf', 3, '2023-07-03 07:07:00', '2023-07-30 06:56:07'),
(25, 25, NULL, NULL, NULL, NULL, NULL, NULL, 1, '2023-07-03 07:07:42', '2023-07-03 22:39:44'),
(26, 26, NULL, NULL, NULL, NULL, NULL, NULL, 1, '2023-07-03 07:08:18', '2023-07-03 23:13:39'),
(27, 27, NULL, NULL, NULL, NULL, NULL, NULL, 1, '2023-07-03 07:10:35', '2023-07-03 07:10:35'),
(28, 28, NULL, NULL, NULL, NULL, NULL, NULL, 1, '2023-07-03 07:11:00', '2023-07-03 07:11:00'),
(29, 29, NULL, NULL, NULL, NULL, NULL, NULL, 1, '2023-07-03 07:11:28', '2023-07-03 07:11:28'),
(30, 30, NULL, NULL, NULL, NULL, NULL, NULL, 1, '2023-07-03 07:11:53', '2023-07-03 07:11:53'),
(31, 31, NULL, NULL, NULL, NULL, NULL, NULL, 1, '2023-07-03 07:12:31', '2023-07-03 07:12:31'),
(32, 32, NULL, NULL, NULL, NULL, NULL, NULL, 1, '2023-07-03 07:12:57', '2023-07-03 07:12:57'),
(33, 33, NULL, NULL, NULL, NULL, NULL, NULL, 1, '2023-07-03 07:15:27', '2023-07-03 07:15:27'),
(34, 34, NULL, NULL, NULL, NULL, NULL, NULL, 1, '2023-07-03 07:15:58', '2023-07-03 07:15:58'),
(35, 35, NULL, NULL, NULL, NULL, NULL, NULL, 1, '2023-07-03 07:16:18', '2023-07-03 07:16:18'),
(36, 36, NULL, NULL, NULL, NULL, NULL, NULL, 1, '2023-07-03 07:17:07', '2023-07-03 07:17:07'),
(37, 37, NULL, NULL, NULL, NULL, NULL, NULL, 1, '2023-07-03 07:17:38', '2023-07-03 07:17:38'),
(38, 38, NULL, NULL, NULL, NULL, NULL, NULL, 1, '2023-07-03 07:17:58', '2023-07-03 07:17:58'),
(39, 39, 6, 8, 'APLIKASI PELAPORAN ILLEGAL FISHING DINAS KETAHANAN PANGAN, PERTANIAN DAN PERIKANAN KOTA BANJARMASIN BERBASIS WEB', '1690726265.pdf', '1690726265.pdf', '1690726265.pdf', 3, '2023-07-03 07:19:44', '2023-07-30 06:52:02'),
(40, 40, NULL, NULL, NULL, NULL, NULL, NULL, 1, '2023-07-03 07:20:22', '2023-07-03 07:20:22'),
(41, 41, NULL, NULL, NULL, NULL, NULL, NULL, 1, '2023-07-03 07:20:48', '2023-07-03 07:20:48'),
(42, 42, NULL, NULL, NULL, NULL, NULL, NULL, 1, '2023-07-03 07:21:20', '2023-07-03 07:21:20'),
(43, 43, 8, 6, 'SISTEM PERHITUNGAN TUNJANGAN KINERJA PEGAWAI DI KEMENKUMHAM KALSEL BERBASIS WEB', '1690728082.pdf', '1690728082.pdf', '1690728082.pdf', 3, '2023-07-03 07:23:36', '2023-07-30 06:52:05'),
(44, 44, 8, 4, 'SISTEM PERMINTAAN PENGAJUAN PENGADAAN BARANG BERBASIS WEB', '1690728136.pdf', '1690728136.pdf', '1690728136.pdf', 3, '2023-07-03 07:24:12', '2023-07-30 06:51:58'),
(45, 45, NULL, NULL, NULL, NULL, NULL, NULL, 1, '2023-07-03 07:24:43', '2023-07-03 07:24:43'),
(46, 46, NULL, NULL, NULL, NULL, NULL, NULL, 1, '2023-07-03 07:25:16', '2023-07-03 07:25:16'),
(47, 47, NULL, NULL, NULL, NULL, NULL, NULL, 1, '2023-07-03 07:25:40', '2023-07-03 07:25:40'),
(48, 48, NULL, NULL, NULL, NULL, NULL, NULL, 1, '2023-07-03 07:26:05', '2023-07-03 07:26:05'),
(49, 49, NULL, NULL, NULL, NULL, NULL, NULL, 1, '2023-07-03 07:26:40', '2023-07-03 07:26:40'),
(50, 50, NULL, NULL, NULL, NULL, NULL, NULL, 1, '2023-07-03 07:27:32', '2023-07-03 07:27:32'),
(51, 51, NULL, NULL, NULL, NULL, NULL, NULL, 1, '2023-07-03 07:27:52', '2023-07-03 07:27:52'),
(52, 52, NULL, NULL, NULL, NULL, NULL, NULL, 1, '2023-07-03 07:28:36', '2023-07-03 07:28:36'),
(53, 53, NULL, NULL, NULL, NULL, NULL, NULL, 1, '2023-07-03 07:28:56', '2023-07-03 07:28:56'),
(54, 54, NULL, NULL, NULL, NULL, NULL, NULL, 1, '2023-07-03 07:29:19', '2023-07-03 07:29:19'),
(55, 55, NULL, NULL, NULL, NULL, NULL, NULL, 1, '2023-07-12 01:20:24', '2023-07-12 01:22:04'),
(56, 56, 2, 7, 'APLIKASI PENGELOLAAN SURAT MASUK DAN SURAT KELUAR BERBASIS WEBSITE DI PROGRAM STUDI S1 INFORMATIKA', '1690726158.pdf', '1690726158.pdf', '1690726158.pdf', 3, '2023-07-29 06:55:22', '2023-07-30 06:57:03'),
(57, 57, 4, 5, 'SISTEM INFORMASI KUESIONER MUTU UNTUK TENAGA PENDIDIK DI FAKULTAS TEKNIK UNIVERSITAS MUHAMMADIYAH BANJARMASIN BERBASIS WEB', '1690726531.pdf', '1690726531.pdf', '1690726531.pdf', 3, '2023-07-29 07:11:44', '2023-07-30 07:00:33'),
(58, 58, 1, 5, 'SISTEM REKAPITULASI BEBAN KERJA DOSEN INFORMATIKA UNIVERSITAS MUHAMMADIYAH BANJARMASIN BERBASIS WEB', '1690728002.pdf', '1690728002.pdf', '1690728002.pdf', 3, '2023-07-29 07:13:59', '2023-07-30 06:56:10'),
(59, 59, 6, 7, 'APLIKASI BEBAN KERJA DOSEN', '1690728178.pdf', '1690728178.pdf', '1690728178.pdf', 3, '2023-07-29 18:16:49', '2023-07-30 07:01:32'),
(60, 60, 3, 4, 'RENCANA PEMBELAJARAN SEMESTER PROGRAM STUDI S1 INFORMATIKA', '1690728340.pdf', '1690728340.pdf', '1690728340.pdf', 3, '2023-07-29 18:23:07', '2023-07-30 06:57:28');

-- --------------------------------------------------------

--
-- Table structure for table `penjadwalan_seminar`
--

CREATE TABLE `penjadwalan_seminar` (
  `id` int NOT NULL,
  `id_pendaftaranseminarpkl` int NOT NULL,
  `ruangan` varchar(255) NOT NULL,
  `tanggal` timestamp NOT NULL,
  `durasi` varchar(255) NOT NULL,
  `id_dosen_penguji1` int NOT NULL,
  `id_dosen_penguji2` int DEFAULT NULL,
  `group_id` int DEFAULT NULL,
  `created_at` timestamp NOT NULL DEFAULT CURRENT_TIMESTAMP,
  `updated_at` timestamp NOT NULL DEFAULT CURRENT_TIMESTAMP
) ENGINE=InnoDB DEFAULT CHARSET=latin1;

--
-- Dumping data for table `penjadwalan_seminar`
--

INSERT INTO `penjadwalan_seminar` (`id`, `id_pendaftaranseminarpkl`, `ruangan`, `tanggal`, `durasi`, `id_dosen_penguji1`, `id_dosen_penguji2`, `group_id`, `created_at`, `updated_at`) VALUES
(749, 1, 'RUANGAN 5', '2023-08-07 01:00:00', '35 menit', 1, 3, 1, '2023-08-01 06:43:32', '2023-08-01 06:43:32'),
(750, 4, 'RUANGAN 6', '2023-08-07 01:00:00', '35 menit', 6, 1, 750, '2023-08-01 06:43:32', '2023-08-01 06:43:32'),
(751, 7, 'RUANGAN 7', '2023-08-07 01:00:00', '35 menit', 3, 8, 751, '2023-08-01 06:43:32', '2023-08-01 06:43:32'),
(752, 8, 'RUANGAN 5', '2023-08-07 01:40:00', '35 menit', 7, 3, 752, '2023-08-01 06:43:32', '2023-08-01 06:43:32'),
(753, 9, 'RUANGAN 6', '2023-08-07 01:40:00', '35 menit', 8, 3, 753, '2023-08-01 06:43:32', '2023-08-01 06:43:32'),
(754, 10, 'RUANGAN 7', '2023-08-07 01:40:00', '35 menit', 3, 1, 754, '2023-08-01 06:43:32', '2023-08-01 06:43:32'),
(755, 11, 'RUANGAN 5', '2023-08-07 02:20:00', '35 menit', 6, 1, 755, '2023-08-01 06:43:32', '2023-08-01 06:43:32'),
(756, 12, 'RUANGAN 6', '2023-08-07 02:20:00', '35 menit', 8, 6, 756, '2023-08-01 06:43:32', '2023-08-01 06:43:32'),
(757, 14, 'RUANGAN 7', '2023-08-07 02:20:00', '35 menit', 7, 1, 757, '2023-08-01 06:43:32', '2023-08-01 06:43:32'),
(758, 15, 'RUANGAN 5', '2023-08-07 05:00:00', '35 menit', 1, 7, 758, '2023-08-01 06:43:32', '2023-08-01 06:43:32'),
(759, 16, 'RUANGAN 6', '2023-08-07 05:00:00', '35 menit', 2, 1, 759, '2023-08-01 06:43:32', '2023-08-01 06:43:32'),
(760, 18, 'RUANGAN 7', '2023-08-07 05:00:00', '35 menit', 2, 3, 760, '2023-08-01 06:43:32', '2023-08-01 06:43:32'),
(761, 19, 'RUANGAN 5', '2023-08-07 05:40:00', '35 menit', 2, 7, 761, '2023-08-01 06:43:32', '2023-08-01 06:43:32'),
(762, 20, 'RUANGAN 6', '2023-08-07 05:40:00', '35 menit', 3, 6, 762, '2023-08-01 06:43:32', '2023-08-01 06:43:32'),
(763, 22, 'RUANGAN 7', '2023-08-07 05:40:00', '35 menit', 4, 5, 763, '2023-08-01 06:43:32', '2023-08-01 06:43:32'),
(764, 24, 'RUANGAN 5', '2023-08-07 06:20:00', '35 menit', 5, 4, 764, '2023-08-01 06:43:32', '2023-08-01 06:43:32'),
(765, 39, 'RUANGAN 6', '2023-08-07 06:20:00', '35 menit', 2, 5, 765, '2023-08-01 06:43:32', '2023-08-01 06:43:32'),
(766, 43, 'RUANGAN 7', '2023-08-07 06:20:00', '35 menit', 5, 4, 766, '2023-08-01 06:43:32', '2023-08-01 06:43:32'),
(767, 44, 'RUANGAN 5', '2023-08-14 01:00:00', '35 menit', 6, 3, 767, '2023-08-01 06:43:32', '2023-08-01 06:43:32'),
(768, 56, 'RUANGAN 6', '2023-08-14 01:00:00', '35 menit', 8, 5, 768, '2023-08-01 06:43:32', '2023-08-01 06:43:32'),
(769, 57, 'RUANGAN 7', '2023-08-14 01:00:00', '35 menit', 3, 8, 769, '2023-08-01 06:43:32', '2023-08-01 06:43:32'),
(770, 58, 'RUANGAN 5', '2023-08-14 01:40:00', '35 menit', 2, 8, 770, '2023-08-01 06:43:32', '2023-08-01 06:43:32'),
(771, 59, 'RUANGAN 6', '2023-08-14 01:40:00', '35 menit', 8, 1, 771, '2023-08-01 06:43:32', '2023-08-01 06:43:32'),
(772, 60, 'RUANGAN 7', '2023-08-14 01:40:00', '35 menit', 1, 7, 772, '2023-08-01 06:43:32', '2023-08-01 06:43:32');

-- --------------------------------------------------------

--
-- Table structure for table `personal_access_tokens`
--

CREATE TABLE `personal_access_tokens` (
  `id` bigint UNSIGNED NOT NULL,
  `tokenable_type` varchar(255) CHARACTER SET utf8mb4 COLLATE utf8mb4_unicode_ci NOT NULL,
  `tokenable_id` bigint UNSIGNED NOT NULL,
  `name` varchar(255) CHARACTER SET utf8mb4 COLLATE utf8mb4_unicode_ci NOT NULL,
  `token` varchar(64) CHARACTER SET utf8mb4 COLLATE utf8mb4_unicode_ci NOT NULL,
  `abilities` text CHARACTER SET utf8mb4 COLLATE utf8mb4_unicode_ci,
  `last_used_at` timestamp NULL DEFAULT NULL,
  `expires_at` timestamp NULL DEFAULT NULL,
  `created_at` timestamp NULL DEFAULT NULL,
  `updated_at` timestamp NULL DEFAULT NULL
) ENGINE=InnoDB DEFAULT CHARSET=utf8mb4 COLLATE=utf8mb4_unicode_ci;

-- --------------------------------------------------------

--
-- Table structure for table `ruangan`
--

CREATE TABLE `ruangan` (
  `id` bigint UNSIGNED NOT NULL,
  `nama_ruangan` varchar(255) COLLATE utf8mb4_unicode_ci NOT NULL,
  `created_at` timestamp NULL DEFAULT NULL,
  `updated_at` timestamp NULL DEFAULT NULL
) ENGINE=InnoDB DEFAULT CHARSET=utf8mb4 COLLATE=utf8mb4_unicode_ci;

--
-- Dumping data for table `ruangan`
--

INSERT INTO `ruangan` (`id`, `nama_ruangan`, `created_at`, `updated_at`) VALUES
(2, 'RUANGAN 5', '2023-07-30 06:02:16', '2023-07-30 06:02:16'),
(3, 'RUANGAN 6', '2023-07-30 06:02:29', '2023-07-30 06:02:29'),
(4, 'RUANGAN 7', '2023-07-30 06:02:43', '2023-07-30 06:02:43');

-- --------------------------------------------------------

--
-- Table structure for table `seminar_waktu`
--

CREATE TABLE `seminar_waktu` (
  `id` bigint UNSIGNED NOT NULL,
  `hari` varchar(255) COLLATE utf8mb4_unicode_ci NOT NULL,
  `waktu_mulai` time NOT NULL,
  `waktu_selesai` time NOT NULL,
  `created_at` timestamp NULL DEFAULT NULL,
  `updated_at` timestamp NULL DEFAULT NULL
) ENGINE=InnoDB DEFAULT CHARSET=utf8mb4 COLLATE=utf8mb4_unicode_ci;

--
-- Dumping data for table `seminar_waktu`
--

INSERT INTO `seminar_waktu` (`id`, `hari`, `waktu_mulai`, `waktu_selesai`, `created_at`, `updated_at`) VALUES
(2, 'Senin', '09:00:00', '09:35:00', '2023-07-30 06:03:05', '2023-07-30 07:11:10'),
(3, 'Senin', '09:40:00', '10:15:00', '2023-07-30 06:04:08', '2023-07-30 07:11:49'),
(4, 'Senin', '10:20:00', '10:55:00', '2023-07-30 07:09:03', '2023-07-30 07:15:42'),
(5, 'Senin', '13:00:00', '13:35:00', '2023-07-30 07:19:06', '2023-07-30 07:19:06'),
(6, 'Senin', '13:40:00', '14:15:00', '2023-07-30 07:20:39', '2023-07-30 07:20:39'),
(7, 'Senin', '14:20:00', '14:55:00', '2023-07-30 07:21:15', '2023-07-30 07:21:15');

-- --------------------------------------------------------

--
-- Table structure for table `users`
--

CREATE TABLE `users` (
  `id` int UNSIGNED NOT NULL,
  `nimataunidn` varchar(255) CHARACTER SET utf8mb4 COLLATE utf8mb4_unicode_ci NOT NULL,
  `nama` varchar(255) CHARACTER SET utf8mb4 COLLATE utf8mb4_unicode_ci NOT NULL,
  `email` varchar(255) CHARACTER SET utf8mb4 COLLATE utf8mb4_unicode_ci NOT NULL,
  `email_verified_at` varchar(255) CHARACTER SET utf8mb4 COLLATE utf8mb4_unicode_ci DEFAULT NULL,
  `password` varchar(255) CHARACTER SET utf8mb4 COLLATE utf8mb4_unicode_ci NOT NULL,
  `level` varchar(255) CHARACTER SET utf8mb4 COLLATE utf8mb4_unicode_ci NOT NULL,
  `remember_token` varchar(100) CHARACTER SET utf8mb4 COLLATE utf8mb4_unicode_ci DEFAULT NULL,
  `id_datamahasiswa` int DEFAULT NULL,
  `created_at` timestamp NULL DEFAULT NULL,
  `updated_at` timestamp NULL DEFAULT NULL,
  `id_dosen` int DEFAULT NULL
) ENGINE=InnoDB DEFAULT CHARSET=utf8mb4 COLLATE=utf8mb4_unicode_ci;

--
-- Dumping data for table `users`
--

INSERT INTO `users` (`id`, `nimataunidn`, `nama`, `email`, `email_verified_at`, `password`, `level`, `remember_token`, `id_datamahasiswa`, `created_at`, `updated_at`, `id_dosen`) VALUES
(1, '1855201110008', 'MUHAMMAD RAFII', '1855201110008@umbjm.ac.id', NULL, '$2y$10$SfSVL.F8BhUPniVpD.9XV.J31.4raCuv1IYwXlUL6GDWjmzxQLySS', 'Mahasiswa', 'qeFRcfBOeKxUuZU08NLu60aGhoMtdrO6gdLDWcEjGRifs7mhqfoXwnpw9FEU', 1, '2023-07-03 06:51:25', '2023-07-03 06:51:25', NULL),
(2, '1855201110009', 'MUHAMMAD AMIEN', '1855201110009@umbjm.ac.id', NULL, '$2y$10$82V0RICvx2jc/m7b2yQXx.4Wkgn36rWE1OIL5LM2L1pQkVF2JmTLa', 'Mahasiswa', 'XNkvy2GcLHuOWBCXH5nb0gNetfzFFESeSO3w2Gc6S0oc6k7Qw5NjzVlnHw4w', 2, '2023-07-03 06:55:32', '2023-07-03 06:55:32', NULL),
(3, '1855201110010', 'MUHAMMAD BAYU ADI SAPUTRA', '1855201110010@umbjm.ac.id', NULL, '$2y$10$5OlP44Zf7DTzcfNFROJE..xCvJhe2M4EnEAoKvVu7kfc5aIXJsESq', 'Mahasiswa', 'xUYQNKTRGrURw81Efdye2l0m1xYpaUgllIUrjVK91psh8RolMGG9r6gs4jW0', 3, '2023-07-03 06:56:12', '2023-07-03 06:56:12', NULL),
(4, '1855201110015', 'MUHAMMAD TAUFIK RAHMAN', '1855201110015@umbjm.ac.id', NULL, '$2y$10$Fx7P5bQK./FJ/gvjyD1Yi.Rpz/ZQLcB6rT2ulraUFQovKWcgI6d.G', 'Mahasiswa', 'o0y5eVsvJy6OdMxoB2eHttzvTICJ2WGjxPGJImJcJkIFUzmeYXCGlB4FPO0A', 4, '2023-07-03 06:56:33', '2023-07-03 06:56:33', NULL),
(5, '1855201110021', 'SURA ANDANA', '1855201110021@umbjm.ac.id', NULL, '$2y$10$yRhlKqavYLBjUbw2JmsHv.bDxV1LZdY9UFZvdSZpuErwl8t8A2Lni', 'Mahasiswa', 'wVUw33dVeGyldSzsSCj9mND3jdxt2JKF55n8CMuK4O8pVn4aSqbgvOnoJzcd', 5, '2023-07-03 06:57:00', '2023-07-03 06:57:00', NULL),
(6, '1855201110024', 'YOANITA AULIA PUTRI', '1855201110024@umbjm.ac.id', NULL, '$2y$10$BLf9jmmMdgRHMkwu7i6Y2uO2F0lM81LFVNYrm8fR.F6zQhO0tdPU6', 'Mahasiswa', 'JWfQJwwIC2r6RrfYLPdRctMLR5t7ckTlEE27fnCwGFJrGhDAExloxEKnQRtA', 6, '2023-07-03 06:57:31', '2023-07-03 06:57:31', NULL),
(7, '1955201110001', 'AHMAD AQLI', '1955201110001@umbjm.ac.id', NULL, '$2y$10$mEgaxIP5nFaUPKFavzX0gO3UzTyyj1qETeEbJzd9wP7jLx.AvQuxq', 'Mahasiswa', '0Np41ycyX5SG6VNCgW0MlU710MVHWeHRO9iutoXfRDw53KOkoOoEOR6cHqyx', 7, '2023-07-03 06:58:09', '2023-07-03 06:58:09', NULL),
(8, '1955201110004', 'ANISHA PRATIWI', '1955201110004@umbjm.ac.id', NULL, '$2y$10$5NmgaS93P11JjyAIOkK8heyitJ5ZgrEznSruRzH3cbtqUZWr0Pq3m', 'Mahasiswa', 'ppv2L8K2LIvHK2bEye8RgG4UvY8XtSrYy0jpV7Q3KFdM7OYYsGWQmQ98ReOR', 8, '2023-07-03 06:58:34', '2023-07-03 06:58:34', NULL),
(9, '1955201110008', 'GT. NITA FAUZIAH', '1955201110008@umbjm.ac.id', NULL, '$2y$10$xoaYZmGw2I/kakDCp0wMGeKWZ3JGAV2LkYdEXAk9.Y5TdXo/e7Dma', 'Mahasiswa', 'WPImKcJ35z5HqzfoOcz9Ds9Ld9DBQpLEqZiA20IjlXZKfE6vlU0KPHPAFR5q', 9, '2023-07-03 06:59:25', '2023-07-03 06:59:25', NULL),
(10, '1955201110009', 'HAMDANI', '1955201110009@umbjm.ac.id', NULL, '$2y$10$R.JXknzCRI.GTBtLsqFg2eBpQr0EYpg0cg3iopnEU7sy9U0t5ANyy', 'Mahasiswa', 'Z1uWtzK1Ky2Nbydx1kNQfHCzohEV7b0rm7f5SQJiVfd8Cz3gBUOdIOiMITol', 10, '2023-07-03 06:59:45', '2023-07-03 06:59:45', NULL),
(11, '1955201110010', 'HIZKIA GABETTO PANJAITAN', '1955201110010@umbjm.ac.id', NULL, '$2y$10$66oJVwnuFQHay1zLSl4dDeUx6I72X8FCmIX3SU5nUTxIa0TxUSoZ6', 'Mahasiswa', 'hUkju5FZfHXJemoV5DkEzkYToRPpwwGdFi6XX3Q8AVJleRG3nU8TcGSNOzdo', 11, '2023-07-03 07:00:10', '2023-07-03 07:00:10', NULL),
(12, '1955201110011', 'IRVAN NOVIANSYAH', '1955201110011@umbjm.ac.id', NULL, '$2y$10$zhQRBApfJN3cYB8y/44PR.NC8awZoxoRtEwCy0F1OT9eLpnnsDIhq', 'Mahasiswa', 'kV1WYviglKCdw335xFiyqoo3ozVvyL8Db2dAXWRBPnolKeQzLRK44v7nuItt', 12, '2023-07-03 07:00:41', '2023-07-03 07:00:41', NULL),
(13, '1955201110012', 'M. RAIHAN ABDUL HAFIDZ', '1955201110012@umbjm.ac.id', NULL, '$2y$10$NN1byC.TWmTCf247RJ6Iben.tpNxTBiQytaE6dBy13aAJCi1FIDxK', 'Mahasiswa', 'Zps3B8pBX1jrWkmdTyuhtsPFFIvU81r6FneZE5hU4SRLVQk2l8EurzcfuUBJ', 13, '2023-07-03 07:01:00', '2023-07-03 07:01:00', NULL),
(14, '1955201110013', 'MUHAMMAD RIFQI WARDANA', '1955201110013@umbjm.ac.id', NULL, '$2y$10$Pl72h148kqjxkzhsH71kJO9Zws/UYG3YGYz4hkYticuGwoitQGfZu', 'Mahasiswa', '9Z4FyZFbKjBHpLwqq7exsqWMT2GjVYzJsET38svDnHmKLaCg4xbDtRlepB0B', 14, '2023-07-03 07:01:50', '2023-07-03 07:01:50', NULL),
(15, '1955201110015', 'NOR RAHMAH', '1955201110015@umbjm.ac.id', NULL, '$2y$10$wXWK3mgdcx6muXcJbeq54.ogDRcCH50wXKEDPZnStHCF3cLNb/M1C', 'Mahasiswa', '4ri2g0soYsOAezdVK2OtlAysjBzOFif8bdBKNaoXn91fL1IsiSd95sK773pn', 15, '2023-07-03 07:03:27', '2023-07-03 07:03:27', NULL),
(16, '1955201110016', 'NOVIA', '1955201110016@umbjm.ac.id', NULL, '$2y$10$ke6OiX6Yv0bHYIwevwWdH.rPC7XeztlIMF0W2uMWpQ4wtWZ0TF42W', 'Mahasiswa', 'iB68uh4TRdfBm3j1ZGLG4SfvMG0Y4kQdORIFHSnv9Mpi2mDHaralRShzuSDW', 16, '2023-07-03 07:03:52', '2023-07-03 07:03:52', NULL),
(17, '1955201110017', 'PITRIA ULFAH', '1955201110017@umbjm.ac.id', NULL, '$2y$10$Hf7RjTQVJqvEbXMiMCUQ.usfrm.XRhOxDRyuMGWuDO0q7QvBTbYlu', 'Mahasiswa', 'CQfES6YuDzKXklSxER7KZzD7laKdY6u6tZr52XEBHTJl8PnrVbwNIc8RkT7j', 17, '2023-07-03 07:04:04', '2023-07-03 07:04:04', NULL),
(18, '1955201110018', 'RIDHONI ROBBY PRATAMA', '1955201110018@umbjm.ac.id', NULL, '$2y$10$S.Gv7MXU18Y/0cGYWVIvZulsAC44wfEScUo7QTIoTUdlaBqQT89u.', 'Mahasiswa', 'E8PDY0K76u4gfK7uI67AYWHWjKHr5zWIqwEAp6ASn0iYRlaJV88leCIXJiPf', 18, '2023-07-03 07:04:17', '2023-07-03 07:04:17', NULL),
(19, '1955201110019', 'SITI FATIMAH', '1955201110019@umbjm.ac.id', NULL, '$2y$10$SUnPDQ0YqjuMiQDH8tpOs.W9yxEBWuv//8mLS4CR99gcBbtBnyQzm', 'Mahasiswa', 'LfOSRdaNaU20dWmjY589kAiwSgFCuLtrcjPT71qvXy8v1V4g1qVeIdeD0rEA', 19, '2023-07-03 07:04:32', '2023-07-03 07:04:32', NULL),
(20, '1955201110020', 'SYAHNAS ENJANG', '1955201110020@umbjm.ac.id', NULL, '$2y$10$EgE9r3WN6dUCGTp/udxu6uZN.cHBYa02cWXbdvUFFD10UK8IPl0YO', 'Mahasiswa', 'N7bMrhOdcYHhd6HvAeQ569yciz6FsaZhBgst1kpcPirVAYA73rJ1LF9ZMJGG', 20, '2023-07-03 07:04:49', '2023-07-03 07:04:49', NULL),
(21, '2055201110001', 'AHMAD ZAINI', '2055201110001@umbjm.ac.id', NULL, '$2y$10$uBq23fLAj34vRm6oule2EO1Ou.gU22kRT1ARX5uWm.wanhf1A92OC', 'Mahasiswa', 'q6fBWWdu6p6ktHsdh3KMyZ8IKD0jYPemkZnEHOV1SEi1qhU61dmHNNJ8Js9z', 21, '2023-07-03 07:05:37', '2023-07-03 07:05:37', NULL),
(22, '2055201110002', 'ATHAYA NORRAHMAH', '2055201110002@umbjm.ac.id', NULL, '$2y$10$wiGhZTY3YD5c31G7huTNAOFJqigqldmJibEBiJdNKtNHYmZw0gMfe', 'Mahasiswa', 'ooKRoMBwQ0mpMofUHY922emGaXcEqLUT5JI4CMWiqDe1OPlUIbxUiuqCmHLL', 22, '2023-07-03 07:06:01', '2023-07-03 07:06:01', NULL),
(23, '2055201110003', 'AZHAR IRFANI', '2055201110003@umbjm.ac.id', NULL, '$2y$10$l4qqMWNWpjJaWy65vpl6H.eyA7KCWcjLLYNF7K4vlboGoCC8iYeDC', 'Mahasiswa', 'MQnglj9P516Om75mu0HufRXa5jPJ6jS0SRFDjj2UaQfgXSK2CeBO0Fiz4fPy', 23, '2023-07-03 07:06:28', '2023-07-03 07:06:28', NULL),
(24, '2055201110004', 'M. RAFI\'I', '2055201110004@umbjm.ac.id', NULL, '$2y$10$e2I7uWHobP.W54YfQ/iJzeG3qwF6y0Ph48zq3oWCfJ1LzIygrL74q', 'Mahasiswa', 'Zbt02QjKwibZKHTnuqlVvtMwdDJjIB7l0xO0M5MaQKnktA2Z2sn8vqUhUc61', 24, '2023-07-03 07:07:00', '2023-07-03 07:07:00', NULL),
(25, '2055201110005', 'MUHAMMAD RIZKY ALMI\'RAJI', '2055201110005@umbjm.ac.id', NULL, '$2y$10$Q8F3s1Podua1JAaRH2BXo.fJYSluKcuCZKoZ4qau3exCvhAqioMYC', 'Mahasiswa', 'BEPnrwZsr7oWIrSXMquldVZaa3bnEzZlaXDEWYeEmmmgf4xHAiVJmqOTuIom', 25, '2023-07-03 07:07:42', '2023-07-03 07:07:42', NULL),
(26, '2055201110006', 'REZA FIKRI ADITIYA', '2055201110006@umbjm.ac.id', NULL, '$2y$10$GF9E9u6cAUL1hExZD5zATeoDRTE8x9EDwOfO6G48Hq1lfPi.i8tZG', 'Mahasiswa', 'DbYF0i5YN9ZmIWha4Hx6sOCcfysZumkvTsDynfV80hBBSkfI0SYW41MAuTVU', 26, '2023-07-03 07:08:18', '2023-07-03 07:08:18', NULL),
(27, '2055201110007', 'AKHMAD SUHAIMI', '2055201110007@umbjm.ac.id', NULL, '$2y$10$xQ79edJuu.jANT/vVRNw6ebW93L9iFLgjHH3tLjWEY7JgcIK1x7YG', 'Mahasiswa', '9SnKxhidFUWHNULTK9p5Q9N18Dbp2USXvBzXCjExUhDTHgeA57RUrz9Xn7vV', 27, '2023-07-23 21:12:00', '2023-07-23 21:12:00', NULL),
(28, '2055201110008', 'ASHOBIRIN ADNAN', '2055201110008@umbjm.ac.id', NULL, '$2y$10$wYT/p5VUeZdeNzUHG0.P7eTL4h8.qs.4xz6TvDKwwqbr/wO6ulpv6', 'Mahasiswa', 'p9O1uMpwbOT6lAZi4Du5ydAMMw8BqpsiEixlv6diAL2ghIrmhSBERuRav1e0', 28, '2023-07-03 07:10:35', '2023-07-03 07:10:35', NULL),
(29, '2055201110009', 'AYUDIA EKA NURANI', '2055201110009@umbjm.ac.id', NULL, '$2y$10$8A5hLqmVvJDOoRj.i0s5beSpTZ4exkIme//mJD9ds3rZsl6Ad0V2K', 'Mahasiswa', 'phCp68Gyd7t6mfpRpYOWkNc5P7O07NElN00i2F9oqdTctaObcfVN3ICblZqO', 29, '2023-07-03 07:11:00', '2023-07-03 07:11:00', NULL),
(30, '2055201110010', 'DENDY DWI PRATAMA', '2055201110010@umbjm.ac.id', NULL, '$2y$10$SvobLwO//mXylMfByVhgFeQAS91DaLxhcsb0I8SLLcdAAxZ9X5qDC', 'Mahasiswa', 'LjQCHFmOdrGVySIojbO7X9EN7X9TkCGhO1jf7b2HAA37elaL88vsxUkkAgwt', 30, '2023-07-03 07:11:28', '2023-07-03 07:11:28', NULL),
(31, '2055201110012', 'HIDAYATURRAHMAN', '2055201110012@umbjm.ac.id', NULL, '$2y$10$A/URElUdHI8bLUL2Y52rVO18zPEbvuBUacApyTOXidffq37n2mmpO', 'Mahasiswa', 'Ap0NQUjH19DzedGopArQD1EjVpWrRiA5SBE2ADazsHXgCF07Np19B4Pr0KXi', 31, '2023-07-03 07:11:53', '2023-07-03 07:11:53', NULL),
(32, '2055201110013', 'IRFHANDO RAMADHANSYAH PUTRA', '2055201110013@umbjm.ac.id', NULL, '$2y$10$tPUKAdLLqv8BxzrO/4itNunhjBRyXVRHupZIez58foFoovn1omYm.', 'Mahasiswa', 'VQryVvEJpqLCB8bRbjQbMCLGIVuPpyr0ZN366XNBx5gOAwf2reZWVQ06Eq9O', 32, '2023-07-03 07:12:31', '2023-07-03 07:12:31', NULL),
(33, '2055201110014', 'IRHAS NOOR', '2055201110014@umbjm.ac.id', NULL, '$2y$10$Gnc3c5eQuaAPYD7v952TcOi4R4mb0cixXMW10/oOHUbzhSRSfefV.', 'Mahasiswa', '6vU8EqJWgIyxuPOM7Vz85eJZro6P1Z0SqgVYQiowwgZhBcSeaC4hIopJbNbl', 33, '2023-07-03 07:12:57', '2023-07-03 07:12:57', NULL),
(34, '2055201110015', 'M. AGUNG MAULANA BAGASKARA', '2055201110015@umbjm.ac.id', NULL, '$2y$10$lBHg68Olzp9MPtcx/qDrqODKllc2lfVeITP30tm4VCRGa/M/CRayG', 'Mahasiswa', 'GOvqpLGMLHfWlPHTWUYUrJ4UK1vCnNastt0s91CuuzBp3uCgSa4P4uJowiKA', 34, '2023-07-03 07:15:27', '2023-07-03 07:15:27', NULL),
(35, '2055201110017', 'MUHAMMAD FADHIL MAULA', '2055201110017@umbjm.ac.id', NULL, '$2y$10$geQTgrTPlZ2enLVhM55GxuBp2Nlo5Qmlj5d4tss9C9QAH4M.T9/0G', 'Mahasiswa', 'YBFHG6zx5wZGSUw1kpIZd5UKuH5NoryFruf83NF2LN9b4M3crXcNFdpEDyMI', 35, '2023-07-03 07:15:58', '2023-07-03 07:15:58', NULL),
(36, '2055201110018', 'MUHAMMAD HABIBIE', '2055201110018@umbjm.ac.id', NULL, '$2y$10$dfh8r0/D8a7Dpk4FJ8uQQecM9LH23A9nmgUaPe6UhcWmqsGwn20x.', 'Mahasiswa', 'VLay75GRkfVAmucHkK3tQBjLixK3Yw8l5hklT8Mq36Dn20KnxsB2IZzVDzyP', 36, '2023-07-03 07:16:18', '2023-07-03 07:16:18', NULL),
(37, '2055201110019', 'MUHAMMAD RIZKY NUGRAHA', '2055201110019@umbjm.ac.id', NULL, '$2y$10$T0Dq/SAByo.zlbYVEXYYjOID4g67z7qVH3fPFQLAc2DaNew/XHfU.', 'Mahasiswa', 'mklNONDbSiIHZykB7bc32S9iQPw4W5DQ6DG7tdXuokhH7oCMpLigbUmbLHdv', 37, '2023-07-03 07:17:07', '2023-07-03 07:17:07', NULL),
(38, '2055201110020', 'MUTIA AMANDA SEPTIANI', '2055201110020@umbjm.ac.id', NULL, '$2y$10$YHUP9iWU./EyqScQI6SaSOCNnfRHv04OHDkHcSHYJE3oH3XaSmdde', 'Mahasiswa', 'u9joG5ecjIRdO81vNVDTlCjCFQ9tSx3LFOXjvfAx4Pdu4Ig67yfpjQPlLyq7', 38, '2023-07-03 07:17:38', '2023-07-03 07:17:38', NULL),
(39, '2055201110021', 'NUR HALIM', '2055201110021@umbjm.ac.id', NULL, '$2y$10$bbcAGlAlBNWGpi58oOQx5ObzsRogwnLPKvzeHV6zKE6FXwyDP57Uq', 'Mahasiswa', 'a9g4L3NxhoXpRF6nSBuk9BLsg6y7a9we1FxYNhkiYotiXwiF5ZOCZUuAxpLg', 39, '2023-07-03 07:17:58', '2023-07-03 07:17:58', NULL),
(40, '2055201110022', 'REZA RAKHMADINNUR', '2055201110022@umbjm.ac.id', NULL, '$2y$10$5.q.PUOQFf03X6ubrHMKW.mUR2AlwVXJDMSgQr3jJWI4w1e8mgAaK', 'Mahasiswa', 'oYDKvnK7loeyEmjfkPV97onwFAx32LL4lmTpYOnR5LunKFBqgqGatxM5untD', 40, '2023-07-03 07:19:44', '2023-07-03 07:19:44', NULL),
(41, '2055201110024', 'RIZKY GUNAWAN', '2055201110024@umbjm.ac.id', NULL, '$2y$10$.nb2DozDkFqMmATuVbeimOZPdz.dMzb2vWaEgg5VssAhIbJe1bV8i', 'Mahasiswa', 'RYfYVOlISiCc8827QNSKzR0X5bLkFLhv2U8DHLaGBYLflNz0FJdsstpsa3te', 41, '2023-07-03 07:20:22', '2023-07-03 07:20:22', NULL),
(42, '2055201110025', 'RIZKY MAULANA', '2055201110025@umbjm.ac.id', NULL, '$2y$10$uaMpAvlkCstIMMazHXV57.fsPLb7xdEkt9cIytxXHJ/xpRPQY7dRa', 'Mahasiswa', 'Qha11Og7zTIkRuZcszXwPr6FGz6UrO2gwTSl4jUPgQPfi8EU5h49wH80OFPj', 42, '2023-07-03 07:20:48', '2023-07-03 07:20:48', NULL),
(43, '2055201110027', 'TRI REZEKI NOOR SEPTIANINGSIH', '2055201110027@umbjm.ac.id', NULL, '$2y$10$3nEJA6kp5uFIHal6Y21jAOgIp12VdsjvY9PGd09xDX182dqPoBB5G', 'Mahasiswa', 'vwCssffDiedJeU0isREiYgHKyPh2CoD54rPhpKpvzLuHHnDmMbMOq7Lrf1rm', 43, '2023-07-03 07:21:20', '2023-07-03 07:21:20', NULL),
(44, '2055201110029', 'AHADIYAT RAKHMAN', '2055201110029@umbjm.ac.id', NULL, '$2y$10$wrzOpQ85ZhfutHCggp0/CetfGhfLTzcZCPeBzls8uH./94tVOnmv6', 'Mahasiswa', 'jK75tft74HOWiil2KvMBPvyJEWYRRhZutSk44w1hv5xml2VGgeaqPUKF9raA', 44, '2023-07-03 07:23:36', '2023-07-03 07:23:36', NULL),
(45, '2055201110030', 'MUHAMMAD RIDHO HIJRIAWAN', '2055201110030@umbjm.ac.id', NULL, '$2y$10$nvdPAuQBTW3VdO63FvtoLOAnQdvBsGJxYI3q0Y1DVVqnzZgApVQEy', 'Mahasiswa', 'XKqhEzjIYovyiMvvZnCq6HWPtiQxScMZ4PZElVqjZdXLP3G5XTNNgjZ2nfc4', 45, '2023-07-03 07:24:12', '2023-07-03 07:24:12', NULL),
(46, '2055201110031', 'SITI NADYA MAYLA', '2055201110031@umbjm.ac.id', NULL, '$2y$10$kAIFvB/A7GNApqxlU4YrSOHFFigOYlmEDOhxzmmrDiSSGi9hYJAZK', 'Mahasiswa', 'SKTUZUBxytubqdczC1Vg3Uxdpm3ipnf0rutk7BUKO2nZmFxg8McNmZhBD8RQ', 46, '2023-07-03 07:24:43', '2023-07-03 07:24:43', NULL),
(47, '2055201110032', 'AULYA MIFTAHUL FADHILAH', '2055201110032@umbjm.ac.id', NULL, '$2y$10$NaU6vwKOORJ6YWozR1lbrOEhjH3i0amewZoaZg/t9RDT2Naf8H6zi', 'Mahasiswa', 'x3j1FpkRtJOmARI3eBJ0zdCrMNiPAKfT43qfL8LySw5NEpVGBNoZmeBIoeLK', 47, '2023-07-03 07:25:16', '2023-07-03 07:25:16', NULL),
(48, '2055201110033', 'SHEPIA DWI ANGGRAENI', '2055201110033@umbjm.ac.id', NULL, '$2y$10$OsYu9pz987N9c/U2LR3/sOSB1fsWSY0FBfqYfm8syKB/SLRMofr8i', 'Mahasiswa', 'gkpQEIZrsDbKjPnn02Bzo1oj3DvPTOMephEUuAMtpDbr8YDBb3q3GD9cWCS4', 48, '2023-07-03 07:25:40', '2023-07-03 07:25:40', NULL),
(49, '2055201110034', 'AHMAD FAISAL HAMIDI', '2055201110034@umbjm.ac.id', NULL, '$2y$10$qn4mPLqCJ6z4aRXzFfKuKuIP/1CFMjCdLzFxLJExqinae9r5K/iNC', 'Mahasiswa', 'HpzizRL5zespPpLW7oze4pvnYBc1N88bAVJYK966B7C5CXlsFjjhbr1U67oN', 49, '2023-07-03 07:26:05', '2023-07-03 07:26:05', NULL),
(50, '2055201110035', 'AHMAD RIZWAN ANSHARI', '2055201110035@umbjm.ac.id', NULL, '$2y$10$1sKOcPmxxvJanaohvBofaOHD7U4Pf0Jb02N9oyN4OBwWsy.1IZvj.', 'Mahasiswa', 'cr4OsK7q0S8cOKVccL3BMeVSxLedEtguEmzew4wM774j7nAGOvkQMGT1zb9Q', 50, '2023-07-03 07:26:40', '2023-07-03 07:26:40', NULL),
(51, '2055201110036', 'MUHAMMAD AQIIBA ZAIM', '2055201110036@umbjm.ac.id', NULL, '$2y$10$JoGqqqyo8WpP5G1cnr0FaufYYLC/CBH7urmmEC4yuTM4e6eslW0Aq', 'Mahasiswa', 'vxXzJp4zTEwLZc3pG4tt8tpEDV4YYjavaavpfneNpGIjFk9muF8Mk8xF4tTQ', 51, '2023-07-03 07:27:32', '2023-07-03 07:27:32', NULL),
(52, '2055201110037', 'MUHAMMAD NAUFAL', '2055201110037@umbjm.ac.id', NULL, '$2y$10$BcDxRgd4SkgmHwKWpnHDEe5Dg7pF6beG1UWxo.IzCG0ho478v3ODC', 'Mahasiswa', '262mMqTwAYb1XqZFTTZX2aIRIT9JRBBzxERl7V2cu1YunsTE5CjDwa0bfygM', 52, '2023-07-03 07:27:52', '2023-07-03 07:27:52', NULL),
(53, '2055201110038', 'SITI AISYAH', '2055201110038@umbjm.ac.id', NULL, '$2y$10$BAJW/kWoPPPlOvUySf8/YOCC/pWnp4DoA1AZDwVihVvhpQVemSwPG', 'Mahasiswa', 'DkVu2sGqFXZLCq06XTz5eCd6rx9uozBiqe82BS3JXDp2oCjwGZYRDU3fOA9o', 53, '2023-07-03 07:28:36', '2023-07-03 07:28:36', NULL),
(54, '2055201110039', 'AHMAD BAIHAKI', '2055201110039@umbjm.ac.id', NULL, '$2y$10$1J6/Hmt8ZoeJckRhzRxHmel0DJ3CKtSyN7kkWa4IWgqQ/z4R8rPtC', 'Mahasiswa', 'TOUKjwL4oJ4ifC9HY11JDfCjBUHg9RUC2crWtWxB0gZOqDlwYvG4ahG8S3TJ', 54, '2023-07-03 07:28:56', '2023-07-03 07:28:56', NULL),
(55, '2055201110040', 'MOHAMAD REZA', '2055201110040@umbjm.ac.id', NULL, '$2y$10$psoXhWwZmaWfiVo8W.5EO.PW5W2wUJyQ52ENor7aGcToPnaJ0ngMm', 'Mahasiswa', 'ZIGzI5d6RPJTtkE2ExzJ7Z70IdHLrYcs8wy87KZIGrU27uUpuZwobRlC1hDc', 55, '2023-07-03 07:29:19', '2023-07-03 07:29:19', NULL),
(56, '1855201110007', 'LAVINA MAI SAFITRI', '1855201110007@umbjm.ac.id', NULL, '$2y$10$pgOgZ7wh5dn9PIjEcFqrY.WILED9fscugdgh1JKnc2IUeDJJCZAW2', 'Mahasiswa', 'wcHkQhAIPHxj9HDLuZxClF7VOuBqIqAoCR3VFYjDwHh5QgBI21GghFXc6rYI', 56, '2023-07-29 06:55:21', '2023-07-29 06:55:21', NULL),
(57, '1855201110022', 'SYARIPAH ZOLEHA ALBAHASYIM', '1855201110022@umbjm.ac.id', NULL, '$2y$10$OzAHBSwqjD3RjenSvZDI4uULxn6YE5HaPmQVh1sgTT1SKwmyso8bO', 'Mahasiswa', 'UjCbb94emyyqlmjtgxNRPjoKw4p2oXSOZt8GsLubr1ZVriNwc4DJK8r7a64E', 57, '2023-07-29 07:11:44', '2023-07-29 07:11:44', NULL),
(58, '1855201110001', 'ADITYA PRAMANA NUGRAHA ABIDIN', '1855201110001@umbjm.ac.id', NULL, '$2y$10$OnKC/7Oq95.mYYrGzR.UFuMA/hto.uMGs2BQVrweRIT4m.b2FvHhu', 'Mahasiswa', 'IF1jxAA9xkLhRDkkqWW8nVeoD8buXcb3WuI7EsmVch3O4GzYOlCJHSJzKg67', 58, '2023-07-29 07:13:59', '2023-07-29 07:13:59', NULL),
(59, '1855201110006', 'IMAM FARISI', '1855201110006@umbjm.ac.id', NULL, '$2y$10$1Xx65sxwX5rHe67PdTqSAenSOY2uxML4yc19HlahxBHTMaxWzcG72', 'Mahasiswa', 'VQuO73W08MHyI4Oa5FVMgaUupGZlOKRHlkQupoxaYHmqddyBsFy1TLV7IPjJ', 59, '2023-07-29 18:16:49', '2023-07-29 18:16:49', NULL),
(60, '1855201110014', 'MUHAMMAD SYAHRONI', '1855201110014@umbjm.ac.id', NULL, '$2y$10$2gDCCL8/7gAJE61w1pp6Y.zeQ66z51jd/TKQqlwnRTXNFuQGsS0FW', 'Mahasiswa', 'kM1WNZHBrwCazyYCz7XMKZquK0J8FHHC9gayqxFmFxDfsRVlWile36Aimbyk', 60, '2023-07-29 18:23:07', '2023-07-29 18:23:07', NULL),
(61, '1104078601', 'WINDARSYAH.,M.Kom', '1104078601@umbjm.ac.id', NULL, '$2y$10$CjAt2bXMSxNKOrs9M1elYeKM54VyXvoahld4dLRrhhJI5tvOkqld2', 'Dospem', 'An8NuZrdCk2UV7mSYnHDzRhLJZKG8eGVzRBGxHj4b2u3gtafPwdBcMgfOarz', NULL, '2023-07-12 00:59:00', '2023-07-12 00:59:00', 1),
(62, '1108109102', 'NAHDI SAUBARI.,M.Kom', '1108109102@umbjm.ac.id', NULL, '$2y$10$SEOBgotV42O6pS2Y8OQGSOHTufxMvSGhtECEbBArx6qag72zweAYi', 'Dospem', 'bKyqhA5s9MOdzHff9GlC7a7hJcraCkFo4NwGdhX0hDlqpQ7bkJ79bSSBGzYl', NULL, '2023-07-12 00:59:18', '2023-07-12 00:59:18', 2),
(63, '1112068401', 'IR. RUDY ANSARI,M.Kom', '1112068401@umbjm.ac.id', NULL, '$2y$10$xbTb.52v/3a5GgmhJyUbKue2.oJr81eVAdHpaKUErudHA/fBpYjHO', 'Dospem', 'W9nrmbiBJysuzqPm4OtAICOgCRMn8jLf6te95wD6TA94x3fMdkGMal3yNyp4', NULL, '2023-07-12 00:59:44', '2023-07-12 00:59:44', 3),
(64, '1120038901', 'FINKI DONA MARLENY.,M.Kom', '1120038901@umbjm.ac.id', NULL, '$2y$10$wD4S3g8SKTBifSj71ddV9.9ja7v8bIXr5umGS23NWRS51b6Ju5IiK', 'Dospem', '247n9lJy7BIMGAdevNOUEEmTZyopgjVsS8RFKIHukxFQuMiCRjqzVc74Es1j', NULL, '2023-07-12 01:00:08', '2023-07-12 01:00:08', 4),
(65, '1126107902', 'MUKHAIMY GAZALI.,M.Si', '1126107902@umbjm.ac.id', NULL, '$2y$10$tyYm6cF9iyjitNjJwsPGde/hwS5fem75Sq/o0IgD6/iIGc0T5IGgi', 'Dospem', 'gIfh0sK0KcjlAcDvS1jF3L3pJSFbipcrcWSiarpmfOBUGQSLj9InqQ1OtF0e', NULL, '2023-07-12 01:00:57', '2023-07-12 01:00:57', 5),
(66, '1129097901', 'KAMARUDIN.,M.Kom', '1129097901@umbjm.ac.id', NULL, '$2y$10$FZseqjSARZgTfy3xpjoRWuELw3yv0E7GkMa29CcQ0jcBLBV0eei/C', 'Dospem', 'Xkjx3E1vZrIY6LyzgYoTksmEfV20wwR6WzRvyiT2IzMGXOSv71lDNpM6GuMy', NULL, '2023-07-12 01:01:12', '2023-07-12 01:01:12', 6),
(67, '1130099001', 'IHDALHUBBI MAULIDA.,M.Kom', '1130099001@umbjm.ac.id', NULL, '$2y$10$xdQU0gKIvswPFS2hG/CVxucgwWsKj8JrE/GIxsMpBsfSgLyMZg5VO', 'Dospem', 'JdWBJzR4LJBhUxepfDQKOhmLsQRtLo7FSNGbATzQNNTwwZT0f2bVbnHz942i', NULL, '2023-07-12 01:01:32', '2023-07-12 01:01:32', 7),
(68, '1103029002', 'AYU AHADI NINGRUM.,M.Tr.Kom', '1103029002@umbjm.ac.id', NULL, '$2y$10$1u/ULtcXC5ZIs.UCNEpABOmCEul1tDdTPFvcveV7JF7kLsg9TbzPe', 'Dospem', 'e4EzY3AMrQVKPRGcDJkfaQiTCCY0bzpKOD7NN5zcfjxnHYTGxjuwq1tnx8jm', NULL, '2023-07-12 01:01:48', '2023-07-12 01:01:48', 8),
(69, '123456789', 'KOORDINATOR', '123456789@umbjm.ac.id', NULL, '$2y$10$2JtNn68TtIOlAkGhdb.EL.iNtau6g0qv.IKpuWV/oLOs0F5Tygnf2', 'Koordinator', 'Zy3s0jnhVy2cTqguGegJ1S5VwD70J0yEXMwm6Bug7qOpD7IjO7p1oIFAPHV7', NULL, '2023-07-23 21:08:22', '2023-07-23 21:08:22', NULL);

--
-- Indexes for dumped tables
--

--
-- Indexes for table `datadosen`
--
ALTER TABLE `datadosen`
  ADD PRIMARY KEY (`id`);

--
-- Indexes for table `datamahasiswa`
--
ALTER TABLE `datamahasiswa`
  ADD PRIMARY KEY (`id`);

--
-- Indexes for table `failed_jobs`
--
ALTER TABLE `failed_jobs`
  ADD PRIMARY KEY (`id`),
  ADD UNIQUE KEY `failed_jobs_uuid_unique` (`uuid`);

--
-- Indexes for table `form_bimbingan`
--
ALTER TABLE `form_bimbingan`
  ADD PRIMARY KEY (`id`);

--
-- Indexes for table `kriteria`
--
ALTER TABLE `kriteria`
  ADD PRIMARY KEY (`id`);

--
-- Indexes for table `levels`
--
ALTER TABLE `levels`
  ADD PRIMARY KEY (`id`);

--
-- Indexes for table `logbooks`
--
ALTER TABLE `logbooks`
  ADD PRIMARY KEY (`id`);

--
-- Indexes for table `migrations`
--
ALTER TABLE `migrations`
  ADD PRIMARY KEY (`id`);

--
-- Indexes for table `panduan_pedoman`
--
ALTER TABLE `panduan_pedoman`
  ADD PRIMARY KEY (`id`);

--
-- Indexes for table `password_resets`
--
ALTER TABLE `password_resets`
  ADD KEY `password_resets_email_index` (`email`);

--
-- Indexes for table `pendaftaranpkls`
--
ALTER TABLE `pendaftaranpkls`
  ADD PRIMARY KEY (`id`);

--
-- Indexes for table `pendaftaranseminarpkls`
--
ALTER TABLE `pendaftaranseminarpkls`
  ADD PRIMARY KEY (`id`);

--
-- Indexes for table `penjadwalan_seminar`
--
ALTER TABLE `penjadwalan_seminar`
  ADD PRIMARY KEY (`id`);

--
-- Indexes for table `personal_access_tokens`
--
ALTER TABLE `personal_access_tokens`
  ADD PRIMARY KEY (`id`),
  ADD UNIQUE KEY `personal_access_tokens_token_unique` (`token`),
  ADD KEY `personal_access_tokens_tokenable_type_tokenable_id_index` (`tokenable_type`,`tokenable_id`);

--
-- Indexes for table `ruangan`
--
ALTER TABLE `ruangan`
  ADD PRIMARY KEY (`id`);

--
-- Indexes for table `seminar_waktu`
--
ALTER TABLE `seminar_waktu`
  ADD PRIMARY KEY (`id`);

--
-- Indexes for table `users`
--
ALTER TABLE `users`
  ADD PRIMARY KEY (`id`),
  ADD UNIQUE KEY `users_email_unique` (`email`);

--
-- AUTO_INCREMENT for dumped tables
--

--
-- AUTO_INCREMENT for table `datadosen`
--
ALTER TABLE `datadosen`
  MODIFY `id` int NOT NULL AUTO_INCREMENT, AUTO_INCREMENT=19;

--
-- AUTO_INCREMENT for table `datamahasiswa`
--
ALTER TABLE `datamahasiswa`
  MODIFY `id` int NOT NULL AUTO_INCREMENT, AUTO_INCREMENT=141;

--
-- AUTO_INCREMENT for table `failed_jobs`
--
ALTER TABLE `failed_jobs`
  MODIFY `id` bigint UNSIGNED NOT NULL AUTO_INCREMENT;

--
-- AUTO_INCREMENT for table `form_bimbingan`
--
ALTER TABLE `form_bimbingan`
  MODIFY `id` bigint UNSIGNED NOT NULL AUTO_INCREMENT, AUTO_INCREMENT=5;

--
-- AUTO_INCREMENT for table `kriteria`
--
ALTER TABLE `kriteria`
  MODIFY `id` int NOT NULL AUTO_INCREMENT;

--
-- AUTO_INCREMENT for table `levels`
--
ALTER TABLE `levels`
  MODIFY `id` bigint UNSIGNED NOT NULL AUTO_INCREMENT;

--
-- AUTO_INCREMENT for table `logbooks`
--
ALTER TABLE `logbooks`
  MODIFY `id` bigint UNSIGNED NOT NULL AUTO_INCREMENT, AUTO_INCREMENT=57;

--
-- AUTO_INCREMENT for table `migrations`
--
ALTER TABLE `migrations`
  MODIFY `id` int UNSIGNED NOT NULL AUTO_INCREMENT, AUTO_INCREMENT=14;

--
-- AUTO_INCREMENT for table `panduan_pedoman`
--
ALTER TABLE `panduan_pedoman`
  MODIFY `id` bigint UNSIGNED NOT NULL AUTO_INCREMENT, AUTO_INCREMENT=9;

--
-- AUTO_INCREMENT for table `pendaftaranpkls`
--
ALTER TABLE `pendaftaranpkls`
  MODIFY `id` bigint UNSIGNED NOT NULL AUTO_INCREMENT, AUTO_INCREMENT=84;

--
-- AUTO_INCREMENT for table `pendaftaranseminarpkls`
--
ALTER TABLE `pendaftaranseminarpkls`
  MODIFY `id` bigint UNSIGNED NOT NULL AUTO_INCREMENT, AUTO_INCREMENT=85;

--
-- AUTO_INCREMENT for table `penjadwalan_seminar`
--
ALTER TABLE `penjadwalan_seminar`
  MODIFY `id` int NOT NULL AUTO_INCREMENT, AUTO_INCREMENT=773;

--
-- AUTO_INCREMENT for table `personal_access_tokens`
--
ALTER TABLE `personal_access_tokens`
  MODIFY `id` bigint UNSIGNED NOT NULL AUTO_INCREMENT;

--
-- AUTO_INCREMENT for table `ruangan`
--
ALTER TABLE `ruangan`
  MODIFY `id` bigint UNSIGNED NOT NULL AUTO_INCREMENT, AUTO_INCREMENT=5;

--
-- AUTO_INCREMENT for table `seminar_waktu`
--
ALTER TABLE `seminar_waktu`
  MODIFY `id` bigint UNSIGNED NOT NULL AUTO_INCREMENT, AUTO_INCREMENT=8;

--
-- AUTO_INCREMENT for table `users`
--
ALTER TABLE `users`
  MODIFY `id` int UNSIGNED NOT NULL AUTO_INCREMENT, AUTO_INCREMENT=100;
COMMIT;

/*!40101 SET CHARACTER_SET_CLIENT=@OLD_CHARACTER_SET_CLIENT */;
/*!40101 SET CHARACTER_SET_RESULTS=@OLD_CHARACTER_SET_RESULTS */;
/*!40101 SET COLLATION_CONNECTION=@OLD_COLLATION_CONNECTION */;
